repo,inicio,fim,total_count
decidim/decidim,2026-02-15T00:00:00Z,2026-02-28T23:59:59Z,2500
steipete/summarize,2025-12-16T12:00:00Z,2025-12-31T23:59:59Z,1244
openvinotoolkit/openvino,2026-09-16T00:00:00Z,2026-09-30T23:59:59Z,2500
openvinotoolkit/openvino,2026-09-01T00:00:00Z,2026-09-15T23:59:59Z,2500
openvinotoolkit/openvino,2026-08-16T12:00:00Z,2026-08-31T23:59:59Z,2500
openvinotoolkit/openvino,2026-08-01T00:00:00Z,2026-08-16T11:59:59Z,2500
openvinotoolkit/openvino,2026-07-01T00:00:00Z,2026-07-16T11:59:59Z,2500
pytorch/pytorch,2026-09-16T00:00:00Z,2026-09-30T23:59:59Z,2500
pytorch/pytorch,2026-09-01T00:00:00Z,2026-09-15T23:59:59Z,2500
pytorch/pytorch,2026-08-16T12:00:00Z,2026-08-31T23:59:59Z,2500
pytorch/pytorch,2026-08-01T00:00:00Z,2026-08-16T11:59:59Z,2500
pytorch/pytorch,2026-07-16T12:00:00Z,2026-07-31T23:59:59Z,2500
pytorch/pytorch,2026-07-01T00:00:00Z,2026-07-16T11:59:59Z,2500
pytorch/pytorch,2026-06-16T00:00:00Z,2026-06-30T23:59:59Z,2500
pytorch/pytorch,2026-06-01T00:00:00Z,2026-06-15T23:59:59Z,2500
pytorch/pytorch,2026-05-16T12:00:00Z,2026-05-31T23:59:59Z,2500
pytorch/pytorch,2026-05-01T00:00:00Z,2026-05-16T11:59:59Z,2500
pytorch/pytorch,2026-04-16T00:00:00Z,2026-04-30T23:59:59Z,2500
pytorch/pytorch,2026-04-01T00:00:00Z,2026-04-15T23:59:59Z,2500
pytorch/pytorch,2026-03-16T12:00:00Z,2026-03-31T23:59:59Z,2500
pytorch/pytorch,2026-03-01T00:00:00Z,2026-03-16T11:59:59Z,2500
pytorch/pytorch,2026-02-15T00:00:00Z,2026-02-28T23:59:59Z,2500
pytorch/pytorch,2026-02-01T00:00:00Z,2026-02-14T23:59:59Z,2500
pytorch/pytorch,2026-01-16T12:00:00Z,2026-01-31T23:59:59Z,2500
pytorch/pytorch,2026-01-01T00:00:00Z,2026-01-16T11:59:59Z,2500
pytorch/pytorch,2025-12-16T12:00:00Z,2025-12-31T23:59:59Z,2500
pytorch/pytorch,2025-12-01T00:00:00Z,2025-12-16T11:59:59Z,2500
pytorch/pytorch,2025-11-16T00:00:00Z,2025-11-30T23:59:59Z,2500
pytorch/pytorch,2025-11-01T00:00:00Z,2025-11-15T23:59:59Z,2500
pytorch/pytorch,2025-10-16T12:00:00Z,2025-10-31T23:59:59Z,2500
pytorch/pytorch,2025-10-01T00:00:00Z,2025-10-16T11:59:59Z,2500
