repo,run_id,tentativa,conclusion,inicio,fim
goodroot/hyprwhspr,33983569716,1,failure,2026-09-05T18:17:00Z,2026-09-05T18:18:01Z
dotnet/ClangSharp,18530097239,1,failure,2025-10-15T13:13:30Z,2025-10-15T13:26:44Z
eclipse-milo/milo,23686345652,1,failure,2026-03-28T13:35:22Z,2026-03-28T13:35:34Z
linear/linear,24596901232,1,failure,2026-04-18T04:29:02Z,2026-04-18T04:31:23Z
linear/linear,24375858866,1,success,2026-04-14T01:25:12Z,2026-04-14T01:27:25Z
linear/linear,24092420095,1,failure,2026-04-07T16:27:14Z,2026-04-07T16:27:48Z
levy-street/world-of-claudecraft,36649442483,1,failure,2026-09-30T00:15:37Z,2026-09-30T00:37:55Z
levy-street/world-of-claudecraft,36475850504,1,cancelled,2026-09-28T19:57:54Z,2026-09-28T20:32:47Z
levy-street/world-of-claudecraft,35556222431,1,failure,2026-09-21T03:04:04Z,2026-09-21T03:22:54Z
levy-street/world-of-claudecraft,33608424690,1,failure,2026-09-02T08:23:12Z,2026-09-02T08:39:03Z
levy-street/world-of-claudecraft,32241423094,1,failure,2026-08-19T10:11:04Z,2026-08-19T10:28:04Z
Kong/unirest-java,29762434458,1,failure,2026-07-20T17:07:06Z,2026-07-20T17:08:26Z
apache/storm,28386124470,1,failure,2026-06-29T16:11:12Z,2026-06-29T16:33:56Z
apache/storm,28091564459,1,failure,2026-06-24T10:17:36Z,2026-06-24T10:40:15Z
apache/storm,25639341642,1,failure,2026-05-10T20:45:22Z,2026-05-10T20:46:00Z
apache/storm,25639204590,1,failure,2026-05-10T20:38:52Z,2026-05-10T20:39:25Z
apache/storm,25639060284,1,failure,2026-05-10T20:32:13Z,2026-05-10T20:32:49Z
apache/storm,25638123330,1,failure,2026-05-10T19:49:09Z,2026-05-10T20:12:09Z
apache/storm,24933917335,1,failure,2026-04-25T15:12:39Z,2026-04-25T15:35:54Z
apache/storm,24367554290,1,failure,2026-04-13T21:22:10Z,2026-04-13T21:45:19Z
apache/storm,24264896564,1,failure,2026-04-10T21:25:49Z,2026-04-10T21:49:40Z
apache/storm,23936839185,1,failure,2026-04-03T06:36:56Z,2026-04-03T06:59:24Z
apache/storm,22550353614,1,failure,2026-03-01T19:02:38Z,2026-03-01T19:21:21Z
apache/storm,20647414419,1,failure,2026-01-01T23:27:06Z,2026-01-01T23:45:12Z
napi-rs/napi-rs,35076124460,1,cancelled,2026-09-16T08:51:44Z,2026-09-16T08:56:33Z
napi-rs/napi-rs,34555614867,1,failure,2026-09-11T02:41:58Z,2026-09-11T02:55:27Z
napi-rs/napi-rs,30684286349,1,failure,2026-08-01T04:37:03Z,2026-08-01T04:55:36Z
napi-rs/napi-rs,30468844304,1,failure,2026-07-29T16:02:43Z,2026-07-29T16:23:13Z
napi-rs/napi-rs,29847183086,1,success,2026-07-21T16:07:38Z,2026-07-21T16:08:40Z
napi-rs/napi-rs,29822139930,1,failure,2026-07-21T10:25:05Z,2026-07-21T10:26:51Z
napi-rs/napi-rs,28880020403,1,failure,2026-07-07T15:55:46Z,2026-07-07T16:08:27Z
napi-rs/napi-rs,28665056776,1,failure,2026-07-03T13:54:37Z,2026-07-03T14:11:47Z
napi-rs/napi-rs,27980068707,1,failure,2026-06-22T19:57:52Z,2026-06-22T20:14:17Z
napi-rs/napi-rs,27592701406,1,failure,2026-06-16T03:46:05Z,2026-06-16T04:02:23Z
napi-rs/napi-rs,25496414294,1,failure,2026-05-07T12:42:13Z,2026-05-07T12:57:17Z
napi-rs/napi-rs,24822407942,1,failure,2026-04-23T07:20:48Z,2026-04-23T07:37:42Z
napi-rs/napi-rs,24558995667,1,cancelled,2026-04-17T09:50:58Z,2026-04-17T10:23:36Z
napi-rs/napi-rs,24558995667,2,cancelled,2026-04-17T16:09:54Z,2026-04-17T16:23:24Z
napi-rs/napi-rs,23687030351,1,cancelled,2026-03-28T14:15:14Z,2026-03-28T14:30:58Z
napi-rs/napi-rs,19490570693,1,failure,2025-11-19T05:10:36Z,2025-11-19T05:19:52Z
napi-rs/napi-rs,19199251908,1,failure,2025-11-08T22:07:19Z,2025-11-08T22:14:27Z
napi-rs/napi-rs,18945832847,1,cancelled,2025-10-30T15:22:33Z,2025-10-30T16:02:54Z
napi-rs/napi-rs,18879306440,1,failure,2025-10-28T15:03:04Z,2025-10-28T15:12:36Z
napi-rs/napi-rs,18819812380,1,failure,2025-10-26T15:13:49Z,2025-10-26T15:21:52Z
napi-rs/napi-rs,18767074242,1,failure,2025-10-24T01:47:04Z,2025-10-24T01:58:25Z
napi-rs/napi-rs,18743721801,1,cancelled,2025-10-23T09:21:20Z,2025-10-23T09:32:02Z
napi-rs/napi-rs,18743721801,2,cancelled,2025-10-23T09:48:01Z,2025-10-23T09:58:26Z
napi-rs/napi-rs,18743721801,3,cancelled,2025-10-23T09:59:58Z,2025-10-23T10:10:26Z
napi-rs/napi-rs,18666946209,1,failure,2025-10-20T22:42:22Z,2025-10-20T22:51:05Z
napi-rs/napi-rs,18531154231,1,cancelled,2025-10-15T13:49:17Z,2025-10-15T14:29:35Z
napi-rs/napi-rs,18224365383,1,cancelled,2025-10-03T13:58:28Z,2025-10-03T19:59:03Z
mockoon/mockoon,23602233948,1,failure,2026-03-26T15:17:08Z,2026-03-26T15:21:28Z
mockoon/mockoon,23432002722,1,failure,2026-03-23T10:09:27Z,2026-03-23T10:37:39Z
mockoon/mockoon,18933648813,1,failure,2025-10-30T07:51:59Z,2025-10-30T07:54:29Z
